jobTitle,jobLocation,jobLandedDate,jonDescription
Software Developer - Entry Level,"Chico, CA 95973",30+ days ago,"

You’ll solve difficult problems including mobile and web data synchronization, push notifications, geolocation, facial recognition, and interactive mapping,…
"
Database Developer w/strong Postgres Skills-3,California,7 days ago,"

The next generation of our Data warehouse appliance will be built and delivered in a new supply chain model.
Consequently, significant changes will be required…
"
Software Developer - VerityStream,"San Diego, CA 92121",Today,"

Codes, debugs, documents, deploys and maintains new software programs in a highly efficient and effective manner.
Maintains and modifies existing applications.
"
Remote Front End Software Engineer Intern - Fall 2020,California,11 days ago,"

Extraordinary talent in software engineering.
Infrastructure: build reliable services and work on monitoring systems, logging infrastructure, application and…
"
Software Engineer: Marketplace,California,7 days ago,"

Collaborating to build intuitive, delightful experiences for developers as they engage with DigitalOcean and partner products and services.
"
Software Developer Intern - Python/Java,"San Diego, CA",1 day ago,"

You will be working with other software developers and data scientists to develop new tools and processes for developing today’s most complicated machine…
"
"DreamWorks Technology - Software Engineer, CorPS Developer","Glendale, CA",Today,"

DWA is seeking a mid-level hands-on Java Services Engineer to join our Core Production Services (CorPS) team.
CorPS services are integrated with pipeline tools,…
"
Software Developer - Geodatabase,"Redlands, CA 92373",Today,"

Three or more years of programming experience with data structures and algorithms in C++11/14/17.
Background in OO design and development.
"
Software Developer,"Santa Monica, CA 90404 (Mid-City area)",Just posted,"

Collaborate with product/program managers, software developers and researchers in an open, creative environment.
BS/MS in Computer Science or related field.
"
Software Engineer - Core Services,California,30+ days ago,"

The Core Service team at Lob builds and maintains essential software and tooling to help power Lob's internal operations and business processes.
"
Jr. Front-End Developer,California,30+ days ago,"

They will need to approach each project with the clients goals, objectives, and best interests in mind.
1+ years experience building user interfaces for the web…
"
IT Software Developer,"Los Angeles, CA",30+ days ago,"

Demonstrated software engineering experience supporting IT operations.
Experience with software development principles, methods, and tools for designing,…
"
Software Developer in Test - I/O Technologies,"Santa Clara Valley, CA 95014",4 days ago,"

In-depth knowledge of iOS & macOS (user-experience, software, and hardware).
Work closely with your peers and software engineers on developing test plans,…
"
Software Development Engineer,California,5 days ago,"

A deep understanding of software development in a team, and a track record of shipping software on time.
As an SDE for the Perfect Pay team, you will contribute…
"
Software Engineering Internship,"Santa Clara Valley, CA 95014",15 days ago,"

Our developers are responsible for crafting the direction of our products by considering the architecture, performance, testing, design, and implementation.
"
